{"window": {"width": 1000, "height": 1000, "fullscreen": false}, "balls_count": 4, "fps": 30, "gravity": {"x": 0.0, "y": 0.0}, "balls": [{"color": {"r": 143, "g": 9, "b": 73, "fill": true}, "mass": 50.0, "position": {"x": 959.2917031449562, "y": 175.36729579008949}, "angular_position": 0, "velocity": {"x": -1121.9812031448541, "y": -501.0082055813119}, "angular_velocity": -3.8812618262033234e-12, "elasticity": 1.0, "friction": 0.0, "show_spin": false}, {"color": {"r": 136, "g": 173, "b": 206, "fill": true}, "mass": 50.0, "position": {"x": 357.45100055332483, "y": 659.6000000000004}, "angular_position": 0, "velocity": {"x": 530.0, "y": 577.0}, "angular_velocity": 0.0, "elasticity": 1.0, "friction": 0.0, "show_spin": false}, {"color": {"r": 232, "g": 165, "b": 91, "fill": true}, "mass": 50.0, "position": {"x": 806.948186358849, "y": 192.10016431458274}, "angular_position": 0, "velocity": {"x": -527.5624523304682, "y": 9.824942986758646}, "angular_velocity": 9.822542779147624e-12, "elasticity": 1.0, "friction": 0.0, "show_spin": false}, {"color": {"r": 212, "g": 237, "b": 72, "fill": true}, "mass": 50.0, "position": {"x": 344.42111014886325, "y": 231.06487360460255}, "angular_position": 0, "velocity": {"x": 6.581249185613831, "y": -51.81673740544906}, "angular_velocity": 3.492459654808043e-12, "elasticity": 1.0, "friction": 0.0, "show_spin": false}]}