{"window": {"width": 1000, "height": 1000, "fullscreen": false}, "balls_count": 4, "fps": 30, "gravity": {"x": 0.0, "y": 0.0}, "balls": [{"color": {"r": 232, "g": 105, "b": 177, "fill": true}, "mass": 50.0, "position": {"x": 635.6475990497572, "y": 675.1736140530901}, "angular_position": 0, "velocity": {"x": -183.9924496340775, "y": 125.7749861366544}, "angular_velocity": 3.0911943648888875e-12, "elasticity": 1.0, "friction": 0.0, "show_spin": false}, {"color": {"r": 74, "g": 215, "b": 63, "fill": true}, "mass": 50.0, "position": {"x": 462.0227289833169, "y": 450.54328927356755}, "angular_position": 0, "velocity": {"x": 619.1769298547142, "y": 671.4259660837655}, "angular_velocity": 2.572187513890764e-12, "elasticity": 1.0, "friction": 0.0, "show_spin": false}, {"color": {"r": 165, "g": 62, "b": 190, "fill": true}, "mass": 50.0, "position": {"x": 153.082627618145, "y": 665.4543776209704}, "angular_position": 0, "velocity": {"x": 1.6941475417057057, "y": -1014.5283498819429}, "angular_velocity": -3.9165650850613295e-12, "elasticity": 1.0, "friction": 0.0, "show_spin": false}, {"color": {"r": 103, "g": 214, "b": 229, "fill": true}, "mass": 50.0, "position": {"x": 420.95570753940524, "y": 263.0563372539483}, "angular_position": 0, "velocity": {"x": -342.5247680529161, "y": 543.7174572922717}, "angular_velocity": -1.833541318774223e-11, "elasticity": 1.0, "friction": 0.0, "show_spin": false}]}