{"window": {"width": 1000, "height": 1000, "fullscreen": false}, "balls_count": 4, "fps": 30, "gravity": {"x": 0.0, "y": 0.0}, "balls": [{"color": {"r": 60, "g": 209, "b": 168, "fill": true}, "mass": 50.0, "position": {"x": 98.72902425318934, "y": 861.4481168966638}, "angular_position": 0, "velocity": {"x": -157.4602872409365, "y": -737.827327852718}, "angular_velocity": -5.6255172518623605e-12, "elasticity": 1.0, "friction": 0.0, "show_spin": false}, {"color": {"r": 229, "g": 173, "b": 97, "fill": true}, "mass": 50.0, "position": {"x": 237.57748945577538, "y": 188.1999887924361}, "angular_position": 0, "velocity": {"x": -165.46028724093682, "y": 752.8273278527192}, "angular_velocity": -1.8537459838515664e-11, "elasticity": 1.0, "friction": 0.0, "show_spin": false}, {"color": {"r": 187, "g": 209, "b": 174, "fill": true}, "mass": 50.0, "position": {"x": 474.0533744647513, "y": 222.5020072747607}, "angular_position": 0, "velocity": {"x": 337.73979503566386, "y": -119.7999770277321}, "angular_velocity": 1.1641532182693484e-11, "elasticity": 1.0, "friction": 0.0, "show_spin": false}, {"color": {"r": 218, "g": 251, "b": 15, "fill": true}, "mass": 50.0, "position": {"x": 693.8893558266726, "y": 611.2249415739727}, "angular_position": 0, "velocity": {"x": 374.73979503566443, "y": 922.2000229722677}, "angular_velocity": 1.2601975864739049e-11, "elasticity": 1.0, "friction": 0.0, "show_spin": false}]}