{"window": {"width": 1000, "height": 1000, "fullscreen": false}, "balls_count": 4, "fps": 30, "gravity": {"x": 0.0, "y": 0.0}, "balls": [{"color": {"r": 131, "g": 81, "b": 117, "fill": true}, "mass": 50.0, "position": {"x": 742.5940617158725, "y": 562.016191215359}, "angular_position": 0, "velocity": {"x": -341.9126790880431, "y": 772.3090950498236}, "angular_velocity": -3.026798367500305e-11, "elasticity": 1.0, "friction": 0.0, "show_spin": false}, {"color": {"r": 224, "g": 31, "b": 221, "fill": true}, "mass": 50.0, "position": {"x": 194.28400044031434, "y": 659.1156665424951}, "angular_position": 0, "velocity": {"x": -508.9999999999987, "y": -550.0000000000011}, "angular_velocity": -1.9955668323478384e-12, "elasticity": 1.0, "friction": 0.0, "show_spin": false}, {"color": {"r": 143, "g": 234, "b": 252, "fill": true}, "mass": 50.0, "position": {"x": 85.1333333333331, "y": 614.2666666666669}, "angular_position": 0, "velocity": {"x": 587.0, "y": 581.0}, "angular_velocity": 0.0, "elasticity": 1.0, "friction": 0.0, "show_spin": false}, {"color": {"r": 191, "g": 254, "b": 112, "fill": true}, "mass": 50.0, "position": {"x": 345.4059382841273, "y": 317.1115814047123}, "angular_position": 0, "velocity": {"x": 341.9126790880449, "y": 715.3090950498217}, "angular_velocity": -4.301133948493622e-11, "elasticity": 1.0, "friction": 0.0, "show_spin": false}]}