{"window": {"width": 1000, "height": 1000, "fullscreen": false}, "balls_count": 4, "fps": 30, "gravity": {"x": 0.0, "y": 0.0}, "balls": [{"color": {"r": 154, "g": 251, "b": 12, "fill": true}, "mass": 50.0, "position": {"x": 695.0775029058198, "y": 357.15778920188234}, "angular_position": 0, "velocity": {"x": 404.9284330566272, "y": 491.29765489788656}, "angular_velocity": -1.1311956221140742e-11, "elasticity": 1.0, "friction": 0.0, "show_spin": false}, {"color": {"r": 138, "g": 158, "b": 203, "fill": true}, "mass": 50.0, "position": {"x": 85.08582193517034, "y": 889.5623541214585}, "angular_position": 0, "velocity": {"x": -802.739839401249, "y": 36.818581017969585}, "angular_velocity": 2.3283064365386967e-12, "elasticity": 1.0, "friction": 0.0, "show_spin": false}, {"color": {"r": 15, "g": 211, "b": 252, "fill": true}, "mass": 50.0, "position": {"x": 566.3550281115902, "y": 667.3100101624859}, "angular_position": 0, "velocity": {"x": -631.5223858056635, "y": 31.735018303723862}, "angular_velocity": 1.6589183360338216e-11, "elasticity": 1.0, "friction": 0.0, "show_spin": false}, {"color": {"r": 26, "g": 71, "b": 12, "fill": true}, "mass": 50.0, "position": {"x": 497.5806721306066, "y": 897.7323403834184}, "angular_position": 0, "velocity": {"x": -821.2890205389592, "y": 539.6187823878671}, "angular_velocity": 9.604264050722123e-12, "elasticity": 1.0, "friction": 0.0, "show_spin": false}]}