{"window": {"width": 1000, "height": 1000, "fullscreen": false}, "balls_count": 4, "fps": 30, "gravity": {"x": 0.0, "y": 0.0}, "balls": [{"color": {"r": 56, "g": 52, "b": 200, "fill": true}, "mass": 50.0, "position": {"x": 58.28270189150944, "y": 821.7542657938692}, "angular_position": 0, "velocity": {"x": -229.23563703465717, "y": -922.7364645007971}, "angular_velocity": 2.1675916484740645e-11, "elasticity": 1.0, "friction": 0.0, "show_spin": false}, {"color": {"r": 70, "g": 118, "b": 8, "fill": true}, "mass": 50.0, "position": {"x": 346.925599129657, "y": 602.7249285798601}, "angular_position": 0, "velocity": {"x": -276.965641555772, "y": 941.3997947783848}, "angular_velocity": 7.731650909059638e-12, "elasticity": 1.0, "friction": 0.0, "show_spin": false}, {"color": {"r": 76, "g": 22, "b": 161, "fill": true}, "mass": 50.0, "position": {"x": 482.8100446928315, "y": 890.1156955572284}, "angular_position": 0, "velocity": {"x": 19.37299409550396, "y": -548.6579398323166}, "angular_velocity": 8.14907252788544e-12, "elasticity": 1.0, "friction": 0.0, "show_spin": false}, {"color": {"r": 138, "g": 126, "b": 123, "fill": true}, "mass": 50.0, "position": {"x": 272.106600167073, "y": 216.08357157254153}, "angular_position": 0, "velocity": {"x": 332.0698543003554, "y": 219.6853741293981}, "angular_velocity": 5.328670603399149e-12, "elasticity": 1.0, "friction": 0.0, "show_spin": false}]}