{"window": {"width": 1000, "height": 1000, "fullscreen": false}, "balls_count": 4, "fps": 30, "gravity": {"x": 0.0, "y": 0.0}, "balls": [{"color": {"r": 29, "g": 150, "b": 229, "fill": true}, "mass": 50.0, "position": {"x": 45.000000000000156, "y": 920.5999999999995}, "angular_position": 0, "velocity": {"x": 560.0, "y": -578.0}, "angular_velocity": 0.0, "elasticity": 1.0, "friction": 0.0, "show_spin": false}, {"color": {"r": 65, "g": 180, "b": 150, "fill": true}, "mass": 50.0, "position": {"x": 340.9993785488824, "y": 551.1280780466601}, "angular_position": 0, "velocity": {"x": 744.3173807282594, "y": 200.9368481877383}, "angular_velocity": -2.444721758365631e-11, "elasticity": 1.0, "friction": 0.0, "show_spin": false}, {"color": {"r": 222, "g": 41, "b": 48, "fill": true}, "mass": 50.0, "position": {"x": 417.1180992349588, "y": 879.2719219533404}, "angular_position": 0, "velocity": {"x": -803.3173807282594, "y": -132.9368481877383}, "angular_velocity": -2.444721758365631e-11, "elasticity": 1.0, "friction": 0.0, "show_spin": false}, {"color": {"r": 215, "g": 206, "b": 241, "fill": true}, "mass": 50.0, "position": {"x": 805.4069993694269, "y": 536.3770003559115}, "angular_position": 0, "velocity": {"x": -522.0000000000048, "y": -547.9999999999955}, "angular_velocity": 1.0404730689886249e-13, "elasticity": 1.0, "friction": 0.0, "show_spin": false}]}