{"window": {"width": 1000, "height": 1000, "fullscreen": false}, "balls_count": 4, "fps": 30, "gravity": {"x": 0.0, "y": 0.0}, "balls": [{"color": {"r": 158, "g": 169, "b": 79, "fill": true}, "mass": 50.0, "position": {"x": 528.5390816782344, "y": 207.10982563982225}, "angular_position": 0, "velocity": {"x": -473.1435332460112, "y": -889.9431426773097}, "angular_velocity": -5.2661192056390026e-11, "elasticity": 1.0, "friction": 0.0, "show_spin": false}, {"color": {"r": 202, "g": 171, "b": 19, "fill": true}, "mass": 50.0, "position": {"x": 497.3399452497655, "y": 718.0705306881326}, "angular_position": 0, "velocity": {"x": -923.6427473471329, "y": -216.45787248771268}, "angular_velocity": -6.05960815759293e-11, "elasticity": 1.0, "friction": 0.0, "show_spin": false}, {"color": {"r": 181, "g": 212, "b": 140, "fill": true}, "mass": 50.0, "position": {"x": 479.57149432349627, "y": 817.3901143339174}, "angular_position": 0, "velocity": {"x": -103.79135741843437, "y": 202.86899486730687}, "angular_velocity": -5.3212253426851716e-11, "elasticity": 1.0, "friction": 0.0, "show_spin": false}, {"color": {"r": 245, "g": 17, "b": 73, "fill": true}, "mass": 50.0, "position": {"x": 676.7287061168423, "y": 743.9127933291006}, "angular_position": 0, "velocity": {"x": 6.968112246642647, "y": -662.3514436601853}, "angular_velocity": -8.046147868910647e-11, "elasticity": 1.0, "friction": 0.0, "show_spin": false}]}