{"window": {"width": 1000, "height": 1000, "fullscreen": false}, "balls_count": 4, "fps": 30, "gravity": {"x": 0.0, "y": 0.0}, "balls": [{"color": {"r": 210, "g": 30, "b": 168, "fill": true}, "mass": 50.0, "position": {"x": 823.8155120612355, "y": 578.0921536436446}, "angular_position": 0, "velocity": {"x": -588.9651436161316, "y": -381.8930045964518}, "angular_velocity": 1.5243131201714275e-11, "elasticity": 1.0, "friction": 0.0, "show_spin": false}, {"color": {"r": 2, "g": 127, "b": 27, "fill": true}, "mass": 50.0, "position": {"x": 724.0362198941745, "y": 428.09903562545077}, "angular_position": 0, "velocity": {"x": 893.0651084006522, "y": 571.3688457326232}, "angular_velocity": 1.757143763825297e-11, "elasticity": 1.0, "friction": 0.0, "show_spin": false}, {"color": {"r": 28, "g": 102, "b": 116, "fill": true}, "mass": 50.0, "position": {"x": 521.1285739215131, "y": 201.8872716417703}, "angular_position": 0, "velocity": {"x": -56.427051548086865, "y": -202.51839410119538}, "angular_velocity": 0.0, "elasticity": 1.0, "friction": 0.0, "show_spin": false}, {"color": {"r": 140, "g": 142, "b": 216, "fill": true}, "mass": 50.0, "position": {"x": 392.36540694687193, "y": 301.77228412147093}, "angular_position": 0, "velocity": {"x": 487.5270163326083, "y": -767.0057647626338}, "angular_velocity": -1.569382159517921e-12, "elasticity": 1.0, "friction": 0.0, "show_spin": false}]}