{"window": {"width": 1000, "height": 1000, "fullscreen": false}, "balls_count": 2, "fps": 30, "gravity": {"x": 0.0, "y": 0.0}, "balls": [{"color": {"r": 191, "g": 187, "b": 126, "fill": true}, "mass": 50.0, "position": {"x": 702.9118471586775, "y": 286.14557546026754}, "angular_position": 0, "velocity": {"x": 210.30556151151393, "y": -40.34169473090435}, "angular_velocity": -6.984919309616089e-12, "elasticity": 1.0, "friction": 0.0, "show_spin": false}, {"color": {"r": 178, "g": 57, "b": 19, "fill": true}, "mass": 50.0, "position": {"x": 575.948485744355, "y": 129.52109120639875}, "angular_position": 0, "velocity": {"x": -249.30556151151393, "y": -1091.6583052690958}, "angular_velocity": -6.984919309616089e-12, "elasticity": 1.0, "friction": 0.0, "show_spin": false}]}