{"window": {"width": 1000, "height": 1000, "fullscreen": false}, "balls_count": 2, "fps": 30, "gravity": {"x": 0.0, "y": 0.0}, "balls": [{"color": {"r": 155, "g": 245, "b": 106, "fill": true}, "mass": 50.0, "position": {"x": 499.20943806157766, "y": 255.2413568820581}, "angular_position": 0, "velocity": {"x": 192.32074088889237, "y": -1033.5821404810295}, "angular_velocity": 2.3283064365386963e-12, "elasticity": 1.0, "friction": 0.0, "show_spin": false}, {"color": {"r": 79, "g": 88, "b": 168, "fill": true}, "mass": 50.0, "position": {"x": 400.44322872239167, "y": 361.4586431179417}, "angular_position": 0, "velocity": {"x": -286.3207408888924, "y": -49.417859518970545}, "angular_velocity": 2.3283064365386963e-12, "elasticity": 1.0, "friction": 0.0, "show_spin": false}]}