{"window": {"width": 1000, "height": 1000, "fullscreen": false}, "balls_count": 2, "fps": 30, "gravity": {"x": 0.0, "y": 0.0}, "balls": [{"color": {"r": 103, "g": 27, "b": 120, "fill": true}, "mass": 50.0, "position": {"x": 419.014910710221, "y": 826.6566980673205}, "angular_position": 0, "velocity": {"x": -751.0654434589422, "y": -485.0537233098662}, "angular_velocity": -4.7190158437121525e-12, "elasticity": 1.0, "friction": 0.0, "show_spin": false}, {"color": {"r": 159, "g": 153, "b": 120, "fill": true}, "mass": 50.0, "position": {"x": 141.71983190669158, "y": 412.07834319898416}, "angular_position": 0, "velocity": {"x": -284.9345565410583, "y": -548.0537233098672}, "angular_velocity": -2.328306436538695e-12, "elasticity": 1.0, "friction": 0.0, "show_spin": false}]}