{"window": {"width": 1000, "height": 1000, "fullscreen": false}, "balls_count": 2, "fps": 30, "gravity": {"x": 0.0, "y": 0.0}, "balls": [{"color": {"r": 77, "g": 56, "b": 115, "fill": true}, "mass": 50.0, "position": {"x": 180.13731738860054, "y": 847.3119959718384}, "angular_position": 0, "velocity": {"x": -564.0000000000016, "y": 561.9999999999983}, "angular_velocity": -8.692712353297565e-12, "elasticity": 1.0, "friction": 0.0, "show_spin": false}, {"color": {"r": 131, "g": 243, "b": 153, "fill": true}, "mass": 50.0, "position": {"x": 921.332186809367, "y": 646.6905473176951}, "angular_position": 0, "velocity": {"x": 538.0000000000034, "y": -557.9999999999966}, "angular_velocity": -3.371262945368363e-11, "elasticity": 1.0, "friction": 0.0, "show_spin": false}]}