{"window": {"width": 1000, "height": 1000, "fullscreen": false}, "balls_count": 2, "fps": 30, "gravity": {"x": 0.0, "y": 0.0}, "balls": [{"color": {"r": 119, "g": 142, "b": 180, "fill": true}, "mass": 50.0, "position": {"x": 797.599226927767, "y": 477.9915285724312}, "angular_position": 0, "velocity": {"x": 415.860071778605, "y": -184.6378390511853}, "angular_velocity": 4.540891639312109e-12, "elasticity": 1.0, "friction": 0.0, "show_spin": false}, {"color": {"r": 55, "g": 230, "b": 166, "fill": true}, "mass": 50.0, "position": {"x": 460.3737196752637, "y": 246.95616587575043}, "angular_position": 0, "velocity": {"x": 424.8600717786099, "y": 874.3621609488121}, "angular_velocity": -2.4950659619818738e-11, "elasticity": 1.0, "friction": 0.0, "show_spin": false}]}