{"window": {"width": 1000, "height": 1000, "fullscreen": false}, "balls_count": 2, "fps": 30, "gravity": {"x": 0.0, "y": 0.0}, "balls": [{"color": {"r": 157, "g": 68, "b": 250, "fill": true}, "mass": 50.0, "position": {"x": 500.9093871337162, "y": 417.7791964751748}, "angular_position": 0, "velocity": {"x": 24.002575592621607, "y": 758.9296434984403}, "angular_velocity": 4.656612873077392e-12, "elasticity": 1.0, "friction": 0.0, "show_spin": false}, {"color": {"r": 44, "g": 139, "b": 226, "fill": true}, "mass": 50.0, "position": {"x": 464.05061217964004, "y": 969.8803975239105}, "angular_position": 0, "velocity": {"x": 26.997424407374215, "y": -775.9296434984417}, "angular_velocity": 1.967142563963165e-11, "elasticity": 1.0, "friction": 0.0, "show_spin": false}]}