{"window": {"width": 1000, "height": 1000, "fullscreen": false}, "balls_count": 2, "fps": 30, "gravity": {"x": 0.0, "y": 0.0}, "balls": [{"color": {"r": 220, "g": 57, "b": 242, "fill": true}, "mass": 50.0, "position": {"x": 711.3579994938821, "y": 740.5333333333328}, "angular_position": 0, "velocity": {"x": 573.0000000000018, "y": 592.9999999999983}, "angular_velocity": -1.0173181632184006e-11, "elasticity": 1.0, "friction": 0.0, "show_spin": false}, {"color": {"r": 124, "g": 112, "b": 185, "fill": true}, "mass": 50.0, "position": {"x": 864.6779998372056, "y": 66.52566678511582}, "angular_position": 0, "velocity": {"x": 531.0, "y": 566.0}, "angular_velocity": 0.0, "elasticity": 1.0, "friction": 0.0, "show_spin": false}]}