{"window": {"width": 1000, "height": 1000, "fullscreen": false}, "balls_count": 2, "fps": 30, "gravity": {"x": 0.0, "y": 0.0}, "balls": [{"color": {"r": 147, "g": 216, "b": 4, "fill": true}, "mass": 50.0, "position": {"x": 415.4570005847962, "y": 99.53900006122905}, "angular_position": 0, "velocity": {"x": -538.0000000000011, "y": -507.99999999999875}, "angular_velocity": 9.135605309071731e-13, "elasticity": 1.0, "friction": 0.0, "show_spin": false}, {"color": {"r": 241, "g": 12, "b": 118, "fill": true}, "mass": 50.0, "position": {"x": 199.99099938086962, "y": 433.46600063200026}, "angular_position": 0, "velocity": {"x": 586.0000000000036, "y": -564.9999999999961}, "angular_velocity": -2.7093566989722243e-11, "elasticity": 1.0, "friction": 0.0, "show_spin": false}]}