{"window": {"width": 1000, "height": 1000, "fullscreen": false}, "balls_count": 1, "fps": 30, "gravity": {"x": 0.0, "y": 0.0}, "balls": [{"color": {"r": 30, "g": 91, "b": 141, "fill": true}, "mass": 50.0, "position": {"x": 238.1833335476267, "y": 330.3333337622039}, "angular_position": 0, "velocity": {"x": 576.9999999999993, "y": 541.0000000000007}, "angular_velocity": -1.8627297180590406e-12, "elasticity": 1.0, "friction": 0.0, "show_spin": false}]}