{"window": {"width": 1000, "height": 1000, "fullscreen": false}, "balls_count": 1, "fps": 30, "gravity": {"x": 0.0, "y": 0.0}, "balls": [{"color": {"r": 186, "g": 70, "b": 16, "fill": true}, "mass": 50.0, "position": {"x": 514.767667291516, "y": 426.2976667336178}, "angular_position": 0, "velocity": {"x": -571.9999999999991, "y": 515.0000000000009}, "angular_velocity": -1.3803298127144013e-12, "elasticity": 1.0, "friction": 0.0, "show_spin": false}]}