{"window": {"width": 1000, "height": 1000, "fullscreen": false}, "balls_count": 1, "fps": 30, "gravity": {"x": 0.0, "y": 0.0}, "balls": [{"color": {"r": 84, "g": 8, "b": 154, "fill": true}, "mass": 50.0, "position": {"x": 426.7589998329155, "y": 411.6343335290318}, "angular_position": 0, "velocity": {"x": -584.9999999999972, "y": -577.000000000003}, "angular_velocity": 6.752663787612255e-12, "elasticity": 1.0, "friction": 0.0, "show_spin": false}]}