{"window": {"width": 1000, "height": 1000, "fullscreen": false}, "balls_count": 3, "fps": 30, "gravity": {"x": 0.0, "y": 0.0}, "balls": [{"color": {"r": 36, "g": 192, "b": 2, "fill": true}, "mass": 50.0, "position": {"x": 44.98824764272558, "y": 96.40029185526689}, "angular_position": 0, "velocity": {"x": 190.4739744792281, "y": -792.6288582627211}, "angular_velocity": -1.1911565097896639e-11, "elasticity": 1.0, "friction": 0.0, "show_spin": false}, {"color": {"r": 159, "g": 22, "b": 238, "fill": true}, "mass": 50.0, "position": {"x": 940.9619002889802, "y": 552.4461955597841}, "angular_position": 0, "velocity": {"x": 485.6918655918508, "y": 581.9340025052794}, "angular_velocity": 1.9029725313257504e-12, "elasticity": 1.0, "friction": 0.0, "show_spin": false}, {"color": {"r": 47, "g": 66, "b": 193, "fill": true}, "mass": 50.0, "position": {"x": 320.1903218238979, "y": 532.294376607008}, "angular_position": 0, "velocity": {"x": 122.16584007107191, "y": -800.5628607680001}, "angular_velocity": 2.1428677006988134e-11, "elasticity": 1.0, "friction": 0.0, "show_spin": false}]}