{"window": {"width": 1000, "height": 1000, "fullscreen": false}, "balls_count": 3, "fps": 30, "gravity": {"x": 0.0, "y": 0.0}, "balls": [{"color": {"r": 60, "g": 4, "b": 194, "fill": true}, "mass": 50.0, "position": {"x": 128.28010997903408, "y": 476.55330777984193}, "angular_position": 0, "velocity": {"x": 349.83462968563873, "y": -865.189763991704}, "angular_velocity": 2.7562364473337217e-11, "elasticity": 1.0, "friction": 0.0, "show_spin": false}, {"color": {"r": 238, "g": 139, "b": 62, "fill": true}, "mass": 50.0, "position": {"x": 887.1282047726752, "y": 929.2239255230784}, "angular_position": 0, "velocity": {"x": 437.85827943659797, "y": 672.0113951918617}, "angular_velocity": 2.2856609784071484e-11, "elasticity": 1.0, "friction": 0.0, "show_spin": false}, {"color": {"r": 186, "g": 50, "b": 50, "fill": true}, "mass": 50.0, "position": {"x": 617.1615422427882, "y": 608.2869289439838}, "angular_position": 0, "velocity": {"x": 388.63999529062824, "y": 208.13017579942684}, "angular_velocity": 2.1536834537982937e-11, "elasticity": 1.0, "friction": 0.0, "show_spin": false}]}