{"window": {"width": 1000, "height": 1000, "fullscreen": false}, "balls_count": 3, "fps": 30, "gravity": {"x": 0.0, "y": 0.0}, "balls": [{"color": {"r": 45, "g": 205, "b": 107, "fill": true}, "mass": 50.0, "position": {"x": 492.6569998701066, "y": 333.8216671456046}, "angular_position": 0, "velocity": {"x": -511.0, "y": 517.0}, "angular_velocity": 0.0, "elasticity": 1.0, "friction": 0.0, "show_spin": false}, {"color": {"r": 17, "g": 126, "b": 168, "fill": true}, "mass": 50.0, "position": {"x": 232.1843340297091, "y": 686.6693335218781}, "angular_position": 0, "velocity": {"x": 532.9999999999982, "y": 565.0000000000018}, "angular_velocity": -1.4698807627600288e-11, "elasticity": 1.0, "friction": 0.0, "show_spin": false}, {"color": {"r": 187, "g": 160, "b": 127, "fill": true}, "mass": 50.0, "position": {"x": 361.71433375791185, "y": 535.489334008252}, "angular_position": 0, "velocity": {"x": 505.0, "y": 575.0}, "angular_velocity": 0.0, "elasticity": 1.0, "friction": 0.0, "show_spin": false}]}