{"window": {"width": 1000, "height": 1000, "fullscreen": false}, "balls_count": 3, "fps": 30, "gravity": {"x": 0.0, "y": 0.0}, "balls": [{"color": {"r": 33, "g": 208, "b": 14, "fill": true}, "mass": 50.0, "position": {"x": 68.14327870288346, "y": 436.83356837235}, "angular_position": 0, "velocity": {"x": -583.3167876558346, "y": 478.8882367150401}, "angular_velocity": -2.3347988619563226e-11, "elasticity": 1.0, "friction": 0.0, "show_spin": false}, {"color": {"r": 20, "g": 87, "b": 238, "fill": true}, "mass": 50.0, "position": {"x": 583.7896869220381, "y": 557.2389994895906}, "angular_position": 0, "velocity": {"x": 583.0, "y": -525.0}, "angular_velocity": 0.0, "elasticity": 1.0, "friction": 0.0, "show_spin": false}, {"color": {"r": 252, "g": 8, "b": 119, "fill": true}, "mass": 50.0, "position": {"x": 146.5154142229236, "y": 782.9147287988768}, "angular_position": 0, "velocity": {"x": 556.3167876558387, "y": -441.88823671503854}, "angular_velocity": -4.801738055415773e-11, "elasticity": 1.0, "friction": 0.0, "show_spin": false}]}