{"window": {"width": 1000, "height": 1000, "fullscreen": false}, "balls_count": 3, "fps": 30, "gravity": {"x": 0.0, "y": 0.0}, "balls": [{"color": {"r": 224, "g": 97, "b": 46, "fill": true}, "mass": 50.0, "position": {"x": 670.6194789525684, "y": 433.9378799488463}, "angular_position": 0, "velocity": {"x": 509.79308461815896, "y": 529.0878365032708}, "angular_velocity": 5.2023096941411485e-12, "elasticity": 1.0, "friction": 0.0, "show_spin": false}, {"color": {"r": 125, "g": 100, "b": 104, "fill": true}, "mass": 50.0, "position": {"x": 370.726000517562, "y": 734.2532248174917}, "angular_position": 0, "velocity": {"x": -551.0, "y": 506.0000000000001}, "angular_velocity": 0.0, "elasticity": 1.0, "friction": 0.0, "show_spin": false}, {"color": {"r": 15, "g": 18, "b": 218, "fill": true}, "mass": 50.0, "position": {"x": 637.8860365327479, "y": 900.3331433923883}, "angular_position": 0, "velocity": {"x": 524.2069153818385, "y": -519.0878365032733}, "angular_velocity": 8.7961811776679e-12, "elasticity": 1.0, "friction": 0.0, "show_spin": false}]}