{"window": {"width": 1000, "height": 1000, "fullscreen": false}, "balls_count": 3, "fps": 30, "gravity": {"x": 0.0, "y": 0.0}, "balls": [{"color": {"r": 165, "g": 97, "b": 226, "fill": true}, "mass": 50.0, "position": {"x": 492.6666666666674, "y": 428.5893335790983}, "angular_position": 0, "velocity": {"x": -556.0, "y": -575.0}, "angular_velocity": 0.0, "elasticity": 1.0, "friction": 0.0, "show_spin": false}, {"color": {"r": 250, "g": 110, "b": 30, "fill": true}, "mass": 50.0, "position": {"x": 249.66666666666956, "y": 498.91300011559}, "angular_position": 0, "velocity": {"x": -513.9999999999973, "y": -564.0000000000025}, "angular_velocity": 3.8036918247876385e-12, "elasticity": 1.0, "friction": 0.0, "show_spin": false}, {"color": {"r": 137, "g": 183, "b": 230, "fill": true}, "mass": 50.0, "position": {"x": 908.6666666666678, "y": 748.1666666666667}, "angular_position": 0, "velocity": {"x": 542.0, "y": -509.0}, "angular_velocity": 0.0, "elasticity": 1.0, "friction": 0.0, "show_spin": false}]}