{"window": {"width": 1000, "height": 1000, "fullscreen": false}, "balls_count": 3, "fps": 30, "gravity": {"x": 0.0, "y": 0.0}, "balls": [{"color": {"r": 130, "g": 127, "b": 15, "fill": true}, "mass": 50.0, "position": {"x": 938.8333333333344, "y": 59.16666666666677}, "angular_position": 0, "velocity": {"x": 587.0, "y": 539.0}, "angular_velocity": 0.0, "elasticity": 1.0, "friction": 0.0, "show_spin": false}, {"color": {"r": 70, "g": 68, "b": 220, "fill": true}, "mass": 50.0, "position": {"x": 536.3176670769412, "y": 437.34966633936335}, "angular_position": 0, "velocity": {"x": 593.0000000000008, "y": 555.9999999999991}, "angular_velocity": 2.8913037404152633e-12, "elasticity": 1.0, "friction": 0.0, "show_spin": false}, {"color": {"r": 201, "g": 11, "b": 252, "fill": true}, "mass": 50.0, "position": {"x": 569.2769999273279, "y": 594.0410003101407}, "angular_position": 0, "velocity": {"x": -545.9999999999974, "y": -500.00000000000296}, "angular_velocity": -9.769962616701436e-12, "elasticity": 1.0, "friction": 0.0, "show_spin": false}]}