{"window": {"width": 1000, "height": 1000, "fullscreen": false}, "balls_count": 3, "fps": 30, "gravity": {"x": 0.0, "y": 0.0}, "balls": [{"color": {"r": 131, "g": 42, "b": 47, "fill": true}, "mass": 50.0, "position": {"x": 137.63802277403514, "y": 171.97925025529256}, "angular_position": 0, "velocity": {"x": -527.0, "y": -579.0}, "angular_velocity": 0.0, "elasticity": 1.0, "friction": 0.0, "show_spin": false}, {"color": {"r": 141, "g": 155, "b": 33, "fill": true}, "mass": 50.0, "position": {"x": 236.33266629788102, "y": 694.1756667135935}, "angular_position": 0, "velocity": {"x": 568.9999999999974, "y": -553.0000000000027}, "angular_velocity": 1.5459546211478764e-12, "elasticity": 1.0, "friction": 0.0, "show_spin": false}, {"color": {"r": 90, "g": 56, "b": 9, "fill": true}, "mass": 50.0, "position": {"x": 921.0963338065475, "y": 346.83557681158305}, "angular_position": 0, "velocity": {"x": -573.9999999999966, "y": -544.0000000000036}, "angular_velocity": -2.4263965537261647e-11, "elasticity": 1.0, "friction": 0.0, "show_spin": false}]}