{"window": {"width": 1000, "height": 1000, "fullscreen": false}, "balls_count": 3, "fps": 30, "gravity": {"x": 0.0, "y": 0.0}, "balls": [{"color": {"r": 166, "g": 37, "b": 163, "fill": true}, "mass": 50.0, "position": {"x": 686.7239042197062, "y": 659.3935818627472}, "angular_position": 0, "velocity": {"x": 535.0, "y": 551.0}, "angular_velocity": -2.675962252404101e-12, "elasticity": 1.0, "friction": 0.0, "show_spin": false}, {"color": {"r": 34, "g": 54, "b": 113, "fill": true}, "mass": 50.0, "position": {"x": 258.52626972393693, "y": 960.1917302546055}, "angular_position": 0, "velocity": {"x": 539.0000000000016, "y": 587.9999999999984}, "angular_velocity": -6.174371359013263e-13, "elasticity": 1.0, "friction": 0.0, "show_spin": false}, {"color": {"r": 40, "g": 160, "b": 18, "fill": true}, "mass": 50.0, "position": {"x": 787.7679129292902, "y": 847.0196565296588}, "angular_position": 0, "velocity": {"x": 575.9999999999983, "y": -589.0000000000016}, "angular_velocity": -8.149208315870028e-12, "elasticity": 1.0, "friction": 0.0, "show_spin": false}]}