{"window": {"width": 1000, "height": 1000, "fullscreen": false}, "balls_count": 3, "fps": 30, "gravity": {"x": 0.0, "y": 0.0}, "balls": [{"color": {"r": 146, "g": 46, "b": 227, "fill": true}, "mass": 50.0, "position": {"x": 520.3089996183365, "y": 328.84566655680044}, "angular_position": 0, "velocity": {"x": 570.0, "y": 550.0}, "angular_velocity": 0.0, "elasticity": 1.0, "friction": 0.0, "show_spin": false}, {"color": {"r": 16, "g": 131, "b": 129, "fill": true}, "mass": 50.0, "position": {"x": 569.6231589178306, "y": 604.071830912092}, "angular_position": 0, "velocity": {"x": -475.9917190565825, "y": -852.116456294675}, "angular_velocity": 1.260644151847638e-11, "elasticity": 1.0, "friction": 0.0, "show_spin": false}, {"color": {"r": 130, "g": 197, "b": 0, "fill": true}, "mass": 50.0, "position": {"x": 839.2103676859779, "y": 300.0165663918152}, "angular_position": 0, "velocity": {"x": 525.991719056584, "y": 299.8835437053259}, "angular_velocity": 1.1641532182693484e-12, "elasticity": 1.0, "friction": 0.0, "show_spin": false}]}